Name,In Business,Link,Phone Number,Address,Website Link,Services,With Yellow Pages
Aspen Dental,"5 Years
in Business",https://www.yellowpages.com/berlin-md/mip/aspen-dental-551965984?lid=1002188378123,(410) 250-1559,"13901 Coastal Highway, suite 4
Ocean City, MD 21842",http://www.fenwickdental.com/,https://www.yellowpages.com/ocean-city-md/mip/delmarva-sedation-dentistry-469125893#open-menu,"8 Years with
Yellow Pages"
Aspen Dental,"3 Years
in Business",https://www.yellowpages.com/easton-md/mip/aspen-dental-561422591?lid=1002188376538,(410) 250-0100,"14203 Coastal Hwy
Ocean City, MD 21842",https://www.atlanticdental.com/,https://www.yellowpages.com/ocean-city-md/mip/forty-third-street-dental-8749572#open-menu,"8 Years with
Yellow Pages"
Fenwick Dental,"19 Years
in Business",https://www.yellowpages.com/ocean-city-md/mip/fenwick-dental-485642099,(410) 835-7438,"12308 Ocean Gtwy
Ocean City, MD 21842",http://www.delmarvasedationdentistry.com/,https://www.yellowpages.com/berlin-md/mip/ruby-mirza-452543996#open-menu,"8 Years with
Yellow Pages"
Carson Gregory,"37 Years
in Business",https://www.yellowpages.com/ocean-city-md/mip/carson-gregory-13510585,(410) 390-2220,"12308 Ocean Gtwy Ste 6
Ocean City, MD 21842",http://atlanticdental.com/,,"8 Years with
Yellow Pages"
Atlantic Dental Cosmetic and Family Dentistry,"15 Years
in Business",https://www.yellowpages.com/ocean-city-md/mip/atlantic-dental-cosmetic-and-family-dentistry-479423245?lid=1002180039410,(410) 289-8828,"4306 Coastal Hwy
Ocean City, MD 21842",https://www.fenwickdental.com/,,
Delmarva Sedation Dentistry,"43 Years
in Business",https://www.yellowpages.com/ocean-city-md/mip/delmarva-sedation-dentistry-469125893,(410) 213-1032,"9936 Stephen Decatur Hwy Ste 505
Ocean City, MD 21842",https://www.fenwickdental.com/,,
Forty Third Street Dental,"5 Years
in Business",https://www.yellowpages.com/ocean-city-md/mip/forty-third-street-dental-8749572,(410) 289-8828,"4306 Coastal Hwy
Ocean City, MD 21842",http://www.aspendental.com/?utm_source=yp&utm_medium=PlatinumListing&utm_term=AllCategories&utm_campaign=MMIYP,,
"Dr. Jean Brauning, DMD","6 Years
in Business",https://www.yellowpages.com/ocean-city-md/mip/dr-jean-brauning-dmd-459298077,(410) 213-7575,"12308 Ocean Gtwy
Ocean City, MD 21842",http://www.didriksendental.com/,,
"John Belmore Eschenburg, DDS","17 Years
in Business",https://www.yellowpages.com/ocean-city-md/mip/john-belmore-eschenburg-dds-16434309,(410) 250-1559,"13901 Coastal Hwy Ste 4
Ocean City, MD 21842",http://www.allgentledental.com/,,
"Kristen Mazzei, DMD",,https://www.yellowpages.com/ocean-city-md/mip/kristen-mazzei-dmd-551520413,(410) 250-1559,"13901 Coastal Hwy Ste 4
Ocean City, MD 21842",https://www.drrubymirza.com/,,
"Dr. Aswini Jagadeesh, DDS",,https://www.yellowpages.com/ocean-city-md/mip/dr-aswini-jagadeesh-dds-540006622,(607) 382-7146,"14203 Coastal Hwy
Ocean City, MD 21842",https://www.aspendental.com/dentist/md/berlin/11349-samuel-bowen-blvd,,
"Ketan Ginoya, DMD",,https://www.yellowpages.com/ocean-city-md/mip/ketan-ginoya-dmd-540407166,(410) 250-0207,"14203 Coastal Hwy
Ocean City, MD 21842",https://www.aspendental.com/schedule-an-appointment/?fc=4079/?utm_source=YP&utm_medium=IYP&utm_campaign=Berlin_MD-MMIYP-4079&fc=4079,,
"Nicola, Amie K, DMD",,https://www.yellowpages.com/ocean-city-md/mip/nicola-amie-k-dmd-512908401,(410) 250-0100,"14203 Coastal Hwy
Ocean City, MD 21842",https://www.didriksendental.com/,,
"Glass, Beverly M, DMD",,https://www.yellowpages.com/ocean-city-md/mip/glass-beverly-m-dmd-559318433,(410) 524-8272,"12001 Wight St
Ocean City, MD 21842",https://www.seasidesmilesmd.com/,,
Oc Dental Care By Dhaliwal PC,,https://www.yellowpages.com/ocean-city-md/mip/oc-dental-care-by-dhaliwal-pc-571999711,(800) 761-7166,"11310 Manklin Creek Rd
Berlin, MD 21811",http://schiffdental.com/contact.html,,
Mitcherling & Mitcherling,,https://www.yellowpages.com/ocean-city-md/mip/mitcherling-mitcherling-20549149,(410) 208-2900,"11310 Manklin Creek Rd Unit 5
Berlin, MD 21811",,,
Aspen Dental,,https://www.yellowpages.com/nationwide/mip/aspen-dental-571615573?lid=1002136775581,(410) 208-2900,"11310 Manklin Creek Rd
Berlin, MD 21811",,,
Pedar B Didriksen DDS PC,,https://www.yellowpages.com/berlin-md/mip/pedar-b-didriksen-dds-pc-507350870,(410) 208-2900,"11007 Manklin Creek Rd
Ocean Pines, MD 21811",,,
Gentle Dental,,https://www.yellowpages.com/berlin-md/mip/gentle-dental-473851501,(410) 208-0054,"Bishopville, MD 21813",,,
Robert J Landsman DDS PC,,https://www.yellowpages.com/berlin-md/mip/robert-j-landsman-dds-pc-550031131,(410) 352-5255,"11042 Nicholas Ln Ste B101
Berlin, MD 21811",,,
"Smith, Corey L, DDS",,https://www.yellowpages.com/ocean-pines-md/mip/smith-corey-l-dds-568260829,(410) 208-9009,"11349 Samuel Bowen Blvd
Berlin, MD 21811",,,
"Kramer, James K, DDS",,https://www.yellowpages.com/bishopville-md/mip/kramer-james-k-dds-452516355,(410) 600-3554,"11349 Samuel Bowen Blvd
Berlin, MD 21811",,,
Ruby Mirza,,https://www.yellowpages.com/berlin-md/mip/ruby-mirza-452543996,(410) 600-3573,"11310 Mankin Creek Rd Suite 5
Ocean Pines, MD 21811",,,
Motto Clear Aligners,,https://www.yellowpages.com/berlin-md/mip/motto-clear-aligners-575314455,(410) 208-2900,"10776 Grays Corner Rd
Berlin, MD 21811",,,
Aspen Dental,,https://www.yellowpages.com/berlin-md/mip/aspen-dental-551965984?lid=1002188378123,(410) 641-3315,"11204 Racetrack Rd Ste 102
Berlin, MD 21811",,,
"Pedar B. Didriksen, DDS",,https://www.yellowpages.com/ocean-pines-md/mip/pedar-b-didriksen-dds-565153130,(410) 208-0054,"11029 Racetrack Rd
Berlin, MD 21811",,,
"David Lee Bradford, DDS",,https://www.yellowpages.com/berlin-md/mip/david-lee-bradford-dds-8642239,(410) 749-0009,"11349 Samuel Bowen Blvd
Berlin, MD 21811",,,
"Robert D Steinberg, DDS",,https://www.yellowpages.com/berlin-md/mip/robert-d-steinberg-dds-14684665,(301) 943-0434,"11200 Racetrack Rd Ste 204
Berlin, MD 21811",,,
Susan E Vickers DMD PA,,https://www.yellowpages.com/berlin-md/mip/susan-e-vickers-dmd-pa-559137937,(410) 208-3333,"11200 Racetrack Rd
Berlin, MD 21811",,,
"Brown, Jamaal",,https://www.yellowpages.com/berlin-md/mip/brown-jamaal-576753650,(410) 641-0334,,,,
"Russell, Gregory, DDS",,https://www.yellowpages.com/berlin-md/mip/russell-gregory-dds-497713534,,,,,
All Family Dental,,https://www.yellowpages.com/berlin-md/mip/all-family-dental-530722843,,,,,
Aspen Dental,,https://www.yellowpages.com/nationwide/mip/aspen-dental-571615573?lid=1002136775755,,,,,
"Wilfred M. Dyer III, D.D.S., P.A.",,https://www.yellowpages.com/salisbury-md/mip/wilfred-m-dyer-iii-d-d-s-p-a-8138921?lid=1002054545086,,,,,
Aspen Dental,,https://www.yellowpages.com/salisbury-md/mip/aspen-dental-576865705?lid=1002188371367,,,,,
Aspen Dental,,https://www.yellowpages.com/annapolis-md/mip/aspen-dental-576345224?lid=1002188403679,,,,,
Kaputa Bryan,,https://www.yellowpages.com/salisbury-md/mip/kaputa-bryan-479506842?lid=1002166414246,,,,,
Atlantic Dental Cosmetic and Family Dentistry,,https://www.yellowpages.com/ocean-city-md/mip/atlantic-dental-cosmetic-and-family-dentistry-479423245?lid=1002180039410,,,,,
Corey Smith,"14 Years
in Business",https://www.yellowpages.com/berlin-md/mip/corey-smith-544798353,(443) 614-2460,"11204 Racetrack Rd Ste 102
Berlin, MD 21811",https://www.seasidesmilesmd.com/,https://www.yellowpages.com/berlin-md/mip/seaside-smiles-465779921#open-menu,"4 Years with
Yellow Pages"
Khalil Dental Associates,"25 Years
in Business",https://www.yellowpages.com/berlin-md/mip/khalil-dental-associates-548191160,(410) 641-3315,"10776 Grays Corner Rd
Berlin, MD 21811",https://absolutedentalmd.com/,https://www.yellowpages.com/selbyville-de/mip/kramer-james-k-12632899#open-menu,"8 Years with
Yellow Pages"
Weiss-Raither Penny-William,"30 Years
in Business",https://www.yellowpages.com/selbyville-de/mip/weiss-raither-penny-william-23753032,(302) 436-1688,"38821 Grant Ave
Selbyville, DE 19975",http://www.berlindentistry.com/,https://www.yellowpages.com/salisbury-md/mip/wilfred-m-dyer-iii-d-d-s-p-a-8138921?lid=1002054545086#open-menu,"4 Years with
Yellow Pages"
David H Schiff DDS,"26 Years
in Business",https://www.yellowpages.com/berlin-md/mip/david-h-schiff-dds-459022519,(410) 641-0334,"11200 Racetrack Rd Ste A103
Berlin, MD 21811",http://depalmadental.com/,https://www.yellowpages.com/berlin-md/mip/dentistry-in-the-pines-3378922#open-menu,"8 Years with
Yellow Pages"
"Barrett II, Lawrence A. DDS","23 Years
in Business",https://www.yellowpages.com/berlin-md/mip/barrett-ii-lawrence-a-dds-6650864,(410) 641-4710,"314 Franklin Ave Ste 401
Berlin, MD 21811",https://www.worcesterhealth.org/,,"8 Years with
Yellow Pages"
Seaside Smiles,"8 Years
in Business",https://www.yellowpages.com/berlin-md/mip/seaside-smiles-465779921,(410) 749-0009,"10445 Old Ocean City Blvd Unit 12
Berlin, MD 21811",http://www.drjameskramer.com/index.htm,,
Absolute Dental Care,"42 Years
in Business",https://www.yellowpages.com/berlin-md/mip/absolute-dental-care-22238025,(410) 629-1221,"314 Franklin Ave
Berlin, MD 21811",http://www.drloisjames.com/,,
"F Ott Gerard DMD PA & Masenior, Jeremy, DDS","3 Years
in Business",https://www.yellowpages.com/berlin-md/mip/f-ott-gerard-dmd-pa-masenior-jeremy-dds-19652630,(410) 641-3490,"1 Pitts St
Berlin, MD 21811",https://www.patientconnect365.com/Dentists/Delaware/BethanyBeach/19930/Bethany_Dental_Associates,,
"Michael John Depalma, DDS","39 Years
in Business",https://www.yellowpages.com/berlin-md/mip/michael-john-depalma-dds-482509298,(410) 641-3222,"500 Franklin Ave Unit 3
Berlin, MD 21811",https://www.aspendental.com/schedule-an-appointment/?fc=3347/?utm_source=YP&utm_medium=IYP&utm_campaign=Salsbry_MD-MMIYP-3347&fc=3347,,
"White, Michael A, DMD",,https://www.yellowpages.com/berlin-md/mip/white-michael-a-dmd-513991866,(410) 629-1221,"314 Franklin Ave
Berlin, MD 21811",https://www.dyerdental.com/,,
"Sran, Kanwer P, DMD",,https://www.yellowpages.com/berlin-md/mip/sran-kanwer-p-dmd-576739783,(410) 629-1221,"314 Franklin Ave
Berlin, MD 21811",https://www.aspendental.com/schedule-an-appointment/?fc=4191/?utm_source=YP&utm_medium=IYP&utm_campaign=Easton_MD-MMIYP-4191&fc=4191,,
"Rohloff, Rhonda R, DMD",,https://www.yellowpages.com/berlin-md/mip/rohloff-rhonda-r-dmd-576779600,(410) 641-4710,"314 Franklin Ave
Berlin, MD 21811",https://www.aspendental.com/schedule-an-appointment/?fc=4282/?utm_source=YP&utm_medium=IYP&utm_campaign=Anapols_MD-MMIYP-4282&fc=4282,,
Sukhbir Kaur Dhaliwal,,https://www.yellowpages.com/berlin-md/mip/sukhbir-kaur-dhaliwal-566691670,(410) 208-8070,"314 Franklin Ave Ste 305
Berlin, MD 21811",http://www.drrunkle.com/,,
"George, Matthew S, DDS",,https://www.yellowpages.com/berlin-md/mip/george-matthew-s-dds-573080010,(410) 641-0240,"107 Williams St
Berlin, MD 21811",,,
Jeremy K Masenior DDS,,https://www.yellowpages.com/berlin-md/mip/jeremy-k-masenior-dds-548235745,(410) 641-3490,"1 Pitts St
Berlin, MD 21811",,,
"Hariri, Payam, DDS",,https://www.yellowpages.com/berlin-md/mip/hariri-payam-dds-465810278,(410) 629-1240,"314 Franklin Ave Ste 303
Berlin, MD 21811",,,
Kramer James K,,https://www.yellowpages.com/selbyville-de/mip/kramer-james-k-12632899,(302) 436-5133,"13 S Main St
Selbyville, DE 19975",,,
Lois James DDS,,https://www.yellowpages.com/ocean-view-de/mip/lois-james-dds-10589107,(302) 537-4500,"17 Atlantic Ave Ste 4
Ocean View, DE 19970",,,
Bethany Dental Associates,,https://www.yellowpages.com/bethany-beach-de/mip/bethany-dental-associates-479482177,(302) 537-1200,"32895 Coastal Hwy Unit 102
Bethany Beach, DE 19930",,,
"Brown, Mark, DMD",,https://www.yellowpages.com/bethany-beach-de/mip/brown-mark-dmd-514040586,(302) 537-1200,"32895 Coastal Hwy
Bethany Beach, DE 19930",,,
"Fox, Christine E, DMD",,https://www.yellowpages.com/bethany-beach-de/mip/fox-christine-e-dmd-519970980,(302) 537-1200,"32895 Coastal Hwy
Bethany Beach, DE 19930",,,
"Banks, Ashley",,https://www.yellowpages.com/dagsboro-de/mip/banks-ashley-574402576,(302) 732-3852,"31381 Dogwood Acres Rd
Dagsboro, DE 19939",,,
Kaputa Bryan,,https://www.yellowpages.com/salisbury-md/mip/kaputa-bryan-479506842?lid=1002166414246,(410) 543-0017,"2315 Naylor Mill Rd
Salisbury, MD 21804",,,
Aspen Dental,,https://www.yellowpages.com/salisbury-md/mip/aspen-dental-576865705?lid=1002188371367,(443) 492-9901,"2412 N Salisbury Blvd Ste A
Salisbury, MD 21801",,,
"Wilfred M. Dyer III, D.D.S., P.A.",,https://www.yellowpages.com/salisbury-md/mip/wilfred-m-dyer-iii-d-d-s-p-a-8138921?lid=1002054545086,(443) 210-4403,"106 Milford St
Salisbury, MD 21804",,,
Aspen Dental,,https://www.yellowpages.com/easton-md/mip/aspen-dental-561422591?lid=1002188376538,(410) 690-8548,"11042 Nicholas Ln
Berlin, MD 21811",,,
Aspen Dental,,https://www.yellowpages.com/annapolis-md/mip/aspen-dental-576345224?lid=1002188403679,(667) 408-6573,"11204 Racetrack Rd
Berlin, MD 21811",,,
Dentistry in the Pines,,https://www.yellowpages.com/berlin-md/mip/dentistry-in-the-pines-3378922,(410) 208-9009,"9956 N Main St Unit 1
Berlin, MD 21811",,,
Office of Corey L Smith DDS,,https://www.yellowpages.com/berlin-md/mip/office-of-corey-l-smith-dds-575035580,(410) 208-0054,,,,
Tilghman Orthodontics,,https://www.yellowpages.com/berlin-md/mip/tilghman-orthodontics-512714688,(410) 742-4813,,,,
Tilghman Orthodontics,"19 Years
in Business",https://www.yellowpages.com/berlin-md/mip/tilghman-orthodontics-512714688,(410) 742-4813,"9956 N Main St Unit 1
Berlin, MD 21811",https://www.depalmadental.com/,https://www.yellowpages.com/berlin-md/mip/depalma-dental-12306583#open-menu,
DePalma Dental,"24 Years
in Business",https://www.yellowpages.com/berlin-md/mip/depalma-dental-12306583,(410) 641-3222,"500 Franklin Ave Unit 3
Berlin, MD 21811",https://berlinoralsurgery.com/,,
Berlin Oral Surgery,,https://www.yellowpages.com/berlin-md/mip/berlin-oral-surgery-513071873,(410) 641-4710,"314 Franklin Ave Ste 401
Berlin, MD 21811",http://www.brownbarandentistry.com/#0lA1JL,,
"Dr. Andrew Alan Bookwalter, DDS",,https://www.yellowpages.com/berlin-md/mip/dr-andrew-alan-bookwalter-dds-512628536,(410) 641-4710,"314 Franklin Ave Ste 406
Berlin, MD 21811",http://brafdentistry.com/,,
Delmarva Endodontics,,https://www.yellowpages.com/berlin-md/mip/delmarva-endodontics-275668,(410) 629-1240,"300 Franklin Ave
Berlin, MD 21811",,,
Brown and Baran Family Dentistry,,https://www.yellowpages.com/bethany-beach-de/mip/brown-and-baran-family-dentistry-527409204,(302) 537-1200,"32895 Coastal Hwy Unit 102
Bethany Beach, DE 19930",,,
Brafman Family Dentistry,,https://www.yellowpages.com/dagsboro-de/mip/brafman-family-dentistry-14772170,(302) 732-3852,"31381 Dogwood Acres Dr Unit 2
Dagsboro, DE 19939",,,
